"x","y","cell_id","population","infected_DM_0","infected_DM_1","infected_DM_2","infected_DM_3","u","var","sd","IoD","CoV"
-2.2656917,53.4447221,-7903444783360770048,59,0,1,0,0,0.25,0.25,0.5,1,2
-2.2657816,53.4591036,8320480176660514816,166,0,2,0,0,0.5,1,1,2,2
-2.2658602,53.4716873,3409797590989018624,125,0,0,1,1,0.5,0.333333333333333,0.577350269189626,0.666666666666667,1.15470053837925
-2.262664,53.4420323,-6104919003042739200,74,0,0,0,1,0.25,0.25,0.5,1,2
-2.2627028,53.4483242,605508225165856512,46,0,0,1,1,0.5,0.333333333333333,0.577350269189626,0.666666666666667,1.15470053837925
-2.2627695,53.4591102,5228304199853583360,192,2,0,0,1,0.75,0.916666666666667,0.957427107756338,1.22222222222222,1.27656947700845
-2.2628473,53.4716939,-4730014491813090304,200,1,0,0,0,0.25,0.25,0.5,1,2
-2.2630309,53.5013554,9164094711604889600,56,1,1,0,0,0.5,0.333333333333333,0.577350269189626,0.666666666666667,1.15470053837925
-2.2614182,53.4842809,974804121586507520,136,1,0,0,0,0.25,0.25,0.5,1,2
-2.2595982,53.4330505,4728380058564738048,114,0,1,0,0,0.25,0.25,0.5,1,2
-2.2596805,53.4465331,4813593830928761856,67,0,0,1,0,0.25,0.25,0.5,1,2
-2.2598233,53.4699029,5428003152784542720,82,0,1,0,0,0.25,0.25,0.5,1,2
-2.258104,53.4348514,4541397942516936192,97,0,0,0,1,0.25,0.25,0.5,1,2
-2.2582077,53.4519294,9205998164829418496,45,0,2,0,0,0.5,1,1,2,2
-2.256588,53.433057,3189310789920967168,21,0,0,1,0,0.25,0.25,0.5,1,2
-2.2567127,53.4537303,-4155465383613604352,74,0,1,0,0,0.25,0.25,0.5,1,2
-2.2568702,53.4797966,1963039215706292992,112,0,0,1,0,0.25,0.25,0.5,1,2
-2.2568919,53.4833919,-525235792793170176,326,0,0,1,0,0.25,0.25,0.5,1,2
-2.2555364,53.5085624,-781433892062738688,114,1,0,0,0,0.25,0.25,0.5,1,2
-2.2525155,53.50767,-8523066058572685312,240,0,2,0,0,0.5,1,1,2,2
-2.2506151,53.4411593,-7675963362233193472,71,0,1,0,0,0.25,0.25,0.5,1,2
-2.2510024,53.5067744,-2557810717951219200,141,0,0,0,1,0.25,0.25,0.5,1,2
-2.2491992,53.4564428,-1262665151373865216,97,0,1,0,0,0.25,0.25,0.5,1,2
-2.2476933,53.4564459,-7653867988964342784,97,0,0,0,2,0.5,1,1,2,2
-2.2479869,53.5067807,8567002034274012160,48,0,0,0,1,0.25,0.25,0.5,1,2
-2.2480132,53.5112748,4516584862314142208,96,1,0,0,0,0.25,0.25,0.5,1,2
-2.2464844,53.5076826,6371666428633347072,69,0,0,0,1,0.25,0.25,0.5,1,2
-2.2464896,53.5085814,4055172485273683456,115,0,0,1,0,0.25,0.25,0.5,1,2
-2.2447849,53.4744289,6122213781337848832,111,0,1,0,0,0.25,0.25,0.5,1,2
-2.2430829,53.4402761,-7297340031951180800,55,0,0,1,0,0.25,0.25,0.5,1,2
-2.243268,53.4726343,3430661211339613696,300,1,0,0,0,0.25,0.25,0.5,1,2
-2.2417563,53.4717385,-8856656228966393856,456,0,1,0,0,0.25,0.25,0.5,1,2
-2.2417717,53.474435,-5335441571831362560,361,0,0,1,1,0.5,0.333333333333333,0.577350269189626,0.666666666666667,1.15470053837925
-2.2402549,53.4726404,-4165283725814935040,391,1,1,1,0,0.75,0.25,0.5,0.333333333333333,0.666666666666667
-2.2387635,53.4753399,-2367741057041241600,475,1,2,0,1,1,0.666666666666667,0.816496580927726,0.666666666666667,0.816496580927726
-2.2389607,53.5103944,6869085253351552000,212,0,0,0,1,0.25,0.25,0.5,1,2
-2.2390468,53.5256745,3982308953682642432,24,1,0,0,0,0.25,0.25,0.5,1,2
-2.2357503,53.4753459,-4785219550146097152,640,0,0,1,1,0.5,0.333333333333333,0.577350269189626,0.666666666666667,1.15470053837925
-2.2357852,53.4816378,6679144152484280320,141,0,1,0,0,0.25,0.25,0.5,1,2
-2.2686801,53.44112,1561323099836115712,77,0,0,2,0,0.5,1,1,2,2
-2.2672142,53.4474153,8694117606224232448,207,0,1,0,0,0.25,0.25,0.5,1,2
-2.2675592,53.5022442,714155619630959360,85,0,0,0,1,0.25,0.25,0.5,1,2
-2.2895356,53.4087125,-9115759044473533440,113,0,1,0,0,0.25,0.25,0.5,1,2
-2.2850589,53.4141164,-2326150663615604224,82,1,0,1,0,0.5,0.333333333333333,0.577350269189626,0.666666666666667,1.15470053837925
-2.2835186,53.4087269,3087112355122137600,85,0,1,1,0,0.5,0.333333333333333,0.577350269189626,0.666666666666667,1.15470053837925
-2.282056,53.4150224,-8879952954009293824,50,0,1,0,0,0.25,0.25,0.5,1,2
-2.2789999,53.4078387,125028254233245408,20,0,3,4,2,2.25,2.91666666666667,1.70782512765993,1.2962962962963,0.759033390071081
-2.2790235,53.4114341,1397196653590858496,47,1,3,0,0,1,2,1.4142135623731,2,1.4142135623731
-2.2775074,53.4096399,4947301433501199360,82,6,2,6,4,4.5,3.66666666666667,1.91485421551268,0.814814814814815,0.425523159002817
-2.2760031,53.4096434,-8820616222601541632,58,0,2,3,2,1.75,1.58333333333333,1.25830573921179,0.904761904761905,0.719031850978167
-2.2760206,53.4123399,5726773707050736640,73,1,1,2,0,1,0.666666666666667,0.816496580927726,0.666666666666667,0.816496580927726
-2.2762246,53.4437994,-5678218201772311552,150,0,0,1,0,0.25,0.25,0.5,1,2
-2.2763064,53.4563831,-208086630783149344,110,0,1,0,0,0.25,0.25,0.5,1,2
-2.2744872,53.4078492,5587628396275937280,46,2,0,0,2,1,1.33333333333333,1.15470053837925,1.33333333333333,1.15470053837925
-2.274493,53.408748,-154122749003444512,56,1,1,0,2,1,0.666666666666667,0.816496580927726,0.666666666666667,0.816496580927726
-2.2730118,53.4123469,-3201484322756806144,77,0,0,1,2,0.75,0.916666666666667,0.957427107756338,1.22222222222222,1.27656947700845
-2.2731213,53.4294249,-8789908181581459456,65,0,0,0,1,0.25,0.25,0.5,1,2
-2.2732714,53.4527947,2616356044115727872,55,1,0,0,0,0.25,0.25,0.5,1,2
-2.2715074,53.4123503,-2913805330674472448,69,0,0,3,1,1,2,1.4142135623731,2,1.4142135623731
-2.2716392,53.4330237,1585952286364752640,46,1,0,1,0,0.5,0.333333333333333,0.577350269189626,0.666666666666667,1.15470053837925
-2.2702026,53.4438132,-6613529891886863360,141,0,0,2,0,0.5,1,1,2,2
-2.2703969,53.4743736,-1459928735461744896,44,0,0,1,0,0.25,0.25,0.5,1,2
-2.2688391,53.4662875,-5715516705906963456,114,0,0,0,1,0.25,0.25,0.5,1,2
-2.2672763,53.4573025,6181454640530078720,137,0,1,0,0,0.25,0.25,0.5,1,2
-2.267378,53.4734816,-5382282617366180864,289,0,0,1,0,0.25,0.25,0.5,1,2
-2.2657872,53.4600024,-1280341062552902912,232,0,1,0,0,0.25,0.25,0.5,1,2
-2.2659446,53.4851698,9189165521851886592,493,0,1,0,0,0.25,0.25,0.5,1,2
-2.2641248,53.4348382,642595021640285952,49,0,0,0,1,0.25,0.25,0.5,1,2
-2.2642643,53.4573092,6606389088641780736,158,0,1,0,0,0.25,0.25,0.5,1,2
-2.2642811,53.4600057,-2094136700376243456,178,0,0,1,0,0.25,0.25,0.5,1,2
-2.2642867,53.4609046,2786209257130085888,219,0,2,0,0,0.5,1,1,2,2
-2.2626251,53.4357404,-8075047445361914880,69,0,1,0,0,0.25,0.25,0.5,1,2
-2.262775,53.4600091,3244357800407432704,211,1,1,1,0,0.75,0.25,0.5,0.333333333333333,0.666666666666667
-2.2628084,53.4654021,-4531516378937873920,106,1,0,0,0,0.25,0.25,0.5,1,2
-2.2628806,53.4770869,6431858480006093824,396,1,0,0,0,0.25,0.25,0.5,1,2
-2.2610648,53.4267553,1881598345399029504,82,0,1,1,0,0.5,0.333333333333333,0.577350269189626,0.666666666666667,1.15470053837925
-2.2612468,53.456417,7677795732125841408,101,0,0,0,1,0.25,0.25,0.5,1,2
-2.2612524,53.4573159,-8367947633423936512,85,0,0,1,0,0.25,0.25,0.5,1,2
-2.259686,53.4474319,3679959816390161920,242,0,1,0,0,0.25,0.25,0.5,1,2
-2.2581858,53.448334,2182611429018783488,147,1,0,0,0,0.25,0.25,0.5,1,2
-2.2567181,53.4546291,-642915918212897024,95,0,0,1,0,0.25,0.25,0.5,1,2
-2.256767,53.4627187,3039435907933082112,128,1,0,2,0,0.75,0.916666666666667,0.957427107756338,1.22222222222222,1.27656947700845
-2.2554769,53.4986753,-495352791446929664,59,1,0,0,0,0.25,0.25,0.5,1,2
-2.2536688,53.4483437,-747376947130797312,104,2,0,1,0,0.75,0.916666666666667,0.957427107756338,1.22222222222222,1.27656947700845
-2.2536903,53.4519391,-7272880667368982528,89,0,0,1,0,0.25,0.25,0.5,1,2
-2.2537117,53.4555344,4288997470943973888,41,0,0,0,1,0.25,0.25,0.5,1,2
-2.2537278,53.4582309,4110244484250710528,122,1,0,1,0,0.5,0.333333333333333,0.577350269189626,0.666666666666667,1.15470053837925
-2.252462,53.4986817,249062104169144032,150,0,1,0,0,0.25,0.25,0.5,1,2
-2.2525315,53.5103665,8197922120705020928,51,0,0,0,1,0.25,0.25,0.5,1,2
-2.2506469,53.4465524,-3533413894884602368,30,0,2,0,0,0.5,1,1,2,2
-2.2507529,53.4645292,3087230189187088896,40,1,0,0,0,0.25,0.25,0.5,1,2
-2.2508006,53.4726187,-7157863874328960000,256,1,0,1,0,0.5,0.333333333333333,0.577350269189626,0.666666666666667,1.15470053837925
-2.2509918,53.5049767,8351375559217717248,44,0,0,1,0,0.25,0.25,0.5,1,2
-2.2492203,53.4600381,6920988056863403008,171,1,0,0,0,0.25,0.25,0.5,1,2
-2.2492361,53.4627346,-4383351334428612096,227,0,1,0,0,0.25,0.25,0.5,1,2
-2.2493785,53.4870032,-2612736404189293056,333,0,1,0,0,0.25,0.25,0.5,1,2
-2.2476148,53.4429633,-4969036807814083584,42,1,0,0,0,0.25,0.25,0.5,1,2
-2.2476462,53.4483564,1358016679883318016,75,0,0,0,1,0.25,0.25,0.5,1,2
-2.248029,53.5139713,3368374847986702848,92,1,0,0,0,0.25,0.25,0.5,1,2
-2.244759,53.4699347,264442132395901664,114,1,0,0,0,0.25,0.25,0.5,1,2
-2.2432731,53.4735331,2143976240054480640,580,2,3,1,0,1.5,1.66666666666667,1.29099444873581,1.11111111111111,0.86066296582387
-2.2417103,53.463649,1161034493514112768,191,0,0,1,0,0.25,0.25,0.5,1,2
-2.2386172,53.4492736,3602411090962543104,162,0,1,0,0,0.25,0.25,0.5,1,2
-2.2371416,53.4546696,7782874499567438848,152,1,0,1,0,0.5,0.333333333333333,0.577350269189626,0.666666666666667,1.15470053837925
-2.235925,53.5068051,4052932663947100672,168,0,0,0,1,0.25,0.25,0.5,1,2
-2.2341397,53.4564733,-7111100781040061440,238,0,0,1,0,0.25,0.25,0.5,1,2
-2.2344272,53.5086057,-2208826118262703360,104,0,0,1,0,0.25,0.25,0.5,1,2
-2.2344918,53.5202905,-4143062292764505600,94,0,0,0,1,0.25,0.25,0.5,1,2
-2.2326632,53.4618692,2459985931257276928,122,0,0,0,1,0.25,0.25,0.5,1,2
-2.2311131,53.4537826,3736304214627385856,292,0,0,0,2,0.5,1,1,2,2
-2.2297773,53.4852449,1220674658103981824,135,0,1,0,0,0.25,0.25,0.5,1,2
-2.2300061,53.52749,2948350744850875904,77,0,0,1,0,0.25,0.25,0.5,1,2
-2.2266242,53.4591843,8741451993315398656,680,1,0,0,0,0.25,0.25,0.5,1,2
-2.2268834,53.5077215,7450978176353330176,18,1,0,0,0,0.25,0.25,0.5,1,2
-2.226893,53.5095191,-4008966413750221312,199,1,0,0,0,0.25,0.25,0.5,1,2
-2.2147302,53.4897671,7892019512122614784,184,1,0,0,0,0.25,0.25,0.5,1,2
-2.214935,53.5302146,7097861076172703744,65,1,0,0,0,0.25,0.25,0.5,1,2
-2.204362,53.5275366,2755680137163484672,63,0,0,1,0,0.25,0.25,0.5,1,2
-2.201264,53.5104639,4797556351195186176,134,1,0,0,0,0.25,0.25,0.5,1,2
-2.1982482,53.510469,2398150008307040768,80,0,1,0,0,0.25,0.25,0.5,1,2
-2.2865332,53.4096186,-8994877886770574336,58,0,0,1,0,0.25,0.25,0.5,1,2
-2.2837402,53.441984,8257313254364284928,115,0,0,0,1,0.25,0.25,0.5,1,2
-2.2820322,53.411427,1918676013147418368,72,1,1,0,0,0.5,0.333333333333333,0.577350269189626,0.666666666666667,1.15470053837925
-2.2805515,53.4150259,-6147769700265172992,21,1,0,0,0,0.25,0.25,0.5,1,2
-2.2807233,53.4410923,4813159392861824000,84,0,0,0,1,0.25,0.25,0.5,1,2
-2.2790058,53.4087376,-9079078786806893568,63,6,3,6,2,4.25,4.25,2.06155281280883,1,0.485071250072666
-2.2790176,53.4105353,-720198948206891264,57,2,3,2,0,1.75,1.58333333333333,1.25830573921179,0.904761904761905,0.719031850978167
-2.2790293,53.4123329,1060538646293085952,3,0,2,0,0,0.5,1,1,2,2
-2.2775132,53.4105388,-809025424957743360,65,4,3,1,2,2.5,1.66666666666667,1.29099444873581,0.666666666666667,0.516397779494322
-2.277525,53.4123365,-6903218495024681984,5,0,0,1,0,0.25,0.25,0.5,1,2
-2.2776891,53.437504,6502269602544243712,73,0,1,0,0,0.25,0.25,0.5,1,2
-2.2777008,53.4393017,966742290589213440,92,1,0,1,0,0.5,0.333333333333333,0.577350269189626,0.666666666666667,1.15470053837925
-2.2759973,53.4087446,5090933542953084928,48,2,3,1,1,1.75,0.916666666666667,0.957427107756338,0.523809523809524,0.547101204432193
-2.2761488,53.4321145,-2536246044545556992,73,0,0,1,0,0.25,0.25,0.5,1,2
-2.276587,53.4995271,6438947806437768192,332,0,0,1,0,0.25,0.25,0.5,1,2
-2.2744988,53.4096469,-8652780654463675392,48,0,1,0,1,0.5,0.333333333333333,0.577350269189626,0.666666666666667,1.15470053837925
-2.2745046,53.4105457,1638892240774247168,56,1,3,3,1,2,1.33333333333333,1.15470053837925,0.666666666666667,0.577350269189626
-2.2745162,53.4123434,-3003564523107644928,76,2,3,0,0,1.25,2.25,1.5,1.8,1.2
-2.273006,53.411448,8034210142837127168,50,1,2,0,3,1.5,1.66666666666667,1.29099444873581,1.11111111111111,0.86066296582387
-2.2733291,53.4617831,9037283594598137856,144,0,0,1,0,0.25,0.25,0.5,1,2
-2.2718287,53.4626853,7277598800546523136,58,0,1,0,0,0.25,0.25,0.5,1,2
-2.2701227,53.4312294,3859221988505240064,63,0,0,1,1,0.5,0.333333333333333,0.577350269189626,0.666666666666667,1.15470053837925
-2.2702254,53.4474085,-4306743170342090240,126,1,0,0,0,0.25,0.25,0.5,1,2
-2.2686687,53.4393224,7932443612553640960,75,0,1,0,0,0.25,0.25,0.5,1,2
-2.2687368,53.4501084,3602646261540043264,154,0,1,1,1,0.75,0.25,0.5,0.333333333333333,0.666666666666667
-2.2671577,53.4384269,4136874467411105280,87,0,1,0,0,0.25,0.25,0.5,1,2
-2.2676725,53.5202208,1706034384732565248,118,0,1,0,0,0.25,0.25,0.5,1,2
-2.2655851,53.4276442,1410803942446144256,76,0,0,0,1,0.25,0.25,0.5,1,2
-2.2655907,53.428543,3654799337265088000,81,1,0,0,1,0.5,0.333333333333333,0.577350269189626,0.666666666666667,1.15470053837925
-2.2657422,53.4528117,-5554478448805780480,77,0,0,1,0,0.25,0.25,0.5,1,2
-2.2657703,53.4573059,-4893425533842394112,163,1,0,1,0,0.5,0.333333333333333,0.577350269189626,0.666666666666667,1.15470053837925
-2.2658827,53.4752826,-4731661565919946752,173,0,0,1,0,0.25,0.25,0.5,1,2
-2.2640411,53.4213556,-2287196320567020800,92,3,0,0,0,0.75,2.25,1.5,3,2
-2.2641694,53.442029,8397302619339650048,109,0,1,1,1,0.75,0.25,0.5,0.333333333333333,0.666666666666667
-2.2641973,53.4465232,2507985112781928960,65,0,1,0,1,0.5,0.333333333333333,0.577350269189626,0.666666666666667,1.15470053837925
-2.2642252,53.4510174,786919756375283456,139,0,1,0,0,0.25,0.25,0.5,1,2
-2.2642923,53.4618034,6620411415886220288,214,1,0,0,1,0.5,0.333333333333333,0.577350269189626,0.666666666666667,1.15470053837925
-2.2643538,53.4716906,-208910411438819616,218,0,1,1,0,0.5,0.333333333333333,0.577350269189626,0.666666666666667,1.15470053837925
-2.2625641,53.4258532,67320696059877096,65,0,0,1,2,0.75,0.916666666666667,0.957427107756338,1.22222222222222,1.27656947700845
-2.2626973,53.4474253,-2295204125105538304,243,1,0,0,1,0.5,0.333333333333333,0.577350269189626,0.666666666666667,1.15470053837925
-2.2628862,53.4779858,1883520577511245568,193,1,1,0,0,0.5,0.333333333333333,0.577350269189626,0.666666666666667,1.15470053837925
-2.2611475,53.4402379,-8332816056464968704,69,0,1,0,0,0.25,0.25,0.5,1,2
-2.2611861,53.4465298,6578398253306949632,76,0,1,0,0,0.25,0.25,0.5,1,2
-2.2612579,53.4582147,-6938707162052950016,161,1,1,0,0,0.5,0.333333333333333,0.577350269189626,0.666666666666667,1.15470053837925
-2.2612966,53.4645065,-3548770061307568640,145,1,0,0,0,0.25,0.25,0.5,1,2
-2.2613297,53.4698996,-3824198066830775808,84,1,0,0,0,0.25,0.25,0.5,1,2
-2.2613463,53.4725961,-5894874084097830912,687,0,2,1,0,0.75,0.916666666666667,0.957427107756338,1.22222222222222,1.27656947700845
-2.2600048,53.4995644,-2670762185323271680,99,0,0,1,0,0.25,0.25,0.5,1,2
-2.2583496,53.4752991,5.797310758494e+18,341,0,1,0,0,0.25,0.25,0.5,1,2
-2.2585411,53.5067583,2822244253400708608,183,0,0,0,1,0.25,0.25,0.5,1,2
-2.258563,53.5103536,4794426766851340288,63,1,0,0,0,0.25,0.25,0.5,1,2
-2.2567996,53.4681117,-3976977318342768128,134,0,0,1,0,0.25,0.25,0.5,1,2
-2.2569191,53.4878861,-5804769129618789376,141,0,1,0,0,0.25,0.25,0.5,1,2
-2.2552986,53.4690138,-8182759205304930304,165,1,0,0,1,0.5,0.333333333333333,0.577350269189626,0.666666666666667,1.15470053837925
-2.2553418,53.4762045,-4078304350102842880,226,0,0,1,0,0.25,0.25,0.5,1,2
-2.2835665,53.4159177,4708560188020030464,19,1,0,0,0,0.25,0.25,0.5,1,2
-2.2525583,53.5148607,1108924276647397120,95,0,0,1,0,0.25,0.25,0.5,1,2
-2.2510077,53.5076732,5453146004856518656,89,1,0,0,0,0.25,0.25,0.5,1,2
-2.2820262,53.4105282,-6993816095967597568,78,3,0,0,1,1,2,1.4142135623731,2,1.4142135623731
-2.2820381,53.4123259,4521266347863023104,102,0,1,0,1,0.5,0.333333333333333,0.577350269189626,0.666666666666667,1.15470053837925
-2.2820441,53.4132247,5068586746212902912,82,1,0,0,0,0.25,0.25,0.5,1,2
-2.2867329,53.4392803,6693215526986369024,148,1,0,0,0,0.25,0.25,0.5,1,2
-2.2805101,53.408734,3803755351891642880,58,4,4,4,4,4,0,0,0,0
-2.2805337,53.4123294,6286779909240819712,35,0,0,0,1,0.25,0.25,0.5,1,2
-2.2807056,53.4383958,3864041440458893824,165,0,0,1,0,0.25,0.25,0.5,1,2
-2.2492414,53.4636335,6950493433909664768,128,1,0,0,0,0.25,0.25,0.5,1,2
-2.2493574,53.4834079,-5956914957622670336,341,1,2,0,0,0.75,0.916666666666667,0.957427107756338,1.22222222222222,1.27656947700845
-2.2477666,53.4690296,4004800640467211776,110,0,2,0,0,0.5,1,1,2,2
-2.2795428,53.4905318,8169262503033626624,86,0,1,0,0,0.25,0.25,0.5,1,2
-2.2837042,53.436591,-6620737267847881728,35,0,1,0,0,0.25,0.25,0.5,1,2
-2.2775015,53.4087411,5363137156921495552,63,2,2,6,6,4,5.33333333333333,2.3094010767585,1.33333333333333,0.577350269189626
-2.2776656,53.4339087,401512533336626944,84,1,0,0,1,0.5,0.333333333333333,0.577350269189626,0.666666666666667,1.15470053837925
-2.2776715,53.4348075,-8044260108193429504,63,0,1,0,0,0.25,0.25,0.5,1,2
-2.2779945,53.4842435,4793599852975137792,171,0,0,0,1,0.25,0.25,0.5,1,2
-2.2820143,53.4087305,-6319005833060256768,80,0,3,2,1,1.5,1.66666666666667,1.29099444873581,1.11111111111111,0.86066296582387
-2.28205,53.4141236,7887452235174274048,55,0,0,0,1,0.25,0.25,0.5,1,2
-2.2461821,53.4555502,-7710526997768890368,45,0,0,1,0,0.25,0.25,0.5,1,2
-2.2790117,53.4096364,3222282463000109568,39,3,1,1,1,1.5,1,1,0.666666666666667,0.666666666666667
-2.2760147,53.4114411,-3066518883296056832,63,1,1,1,0,0.75,0.25,0.5,0.333333333333333,0.666666666666667
-2.2762596,53.4491924,6817970204625825792,60,0,0,1,1,0.5,0.333333333333333,0.577350269189626,0.666666666666667,1.15470053837925
-2.2775191,53.4114376,-5015170962975179776,48,0,2,1,1,1,0.666666666666667,0.816496580927726,0.666666666666667,0.816496580927726
-2.2746727,53.4366121,-8671516106816580608,152,0,0,0,1,0.25,0.25,0.5,1,2
-2.2447486,53.468137,-536732613945778432,21,0,1,0,0,0.25,0.25,0.5,1,2
-2.2449611,53.5049892,-8828474299018510336,84,0,0,1,0,0.25,0.25,0.5,1,2
-2.2760089,53.4105423,51677131423877864,65,1,1,3,1,1.5,1,1,0.666666666666667,0.666666666666667
-2.276213,53.4420017,-1607713464534886656,91,0,0,0,1,0.25,0.25,0.5,1,2
-2.274522,53.4132423,365457881041660672,61,1,2,2,1,1.5,0.333333333333333,0.577350269189626,0.222222222222222,0.38490017945975
-2.2746495,53.4330168,-396033011914754304,76,0,0,1,0,0.25,0.25,0.5,1,2
-2.273179,53.4384133,2237530767514188544,111,0,0,3,1,1,2,1.4142135623731,2,1.4142135623731
-2.2729887,53.4087515,-5242367923424936960,58,0,0,1,0,0.25,0.25,0.5,1,2
-2.2715131,53.4132491,-3905420946526375424,30,0,0,1,0,0.25,0.25,0.5,1,2
-2.2716278,53.431226,5268189562357836800,73,0,0,1,0,0.25,0.25,0.5,1,2
-2.2716335,53.4321248,-1705584502937914624,79,0,2,0,0,0.5,1,1,2,2
-2.271754,53.4510005,-7300650718671986688,53,1,0,0,0,0.25,0.25,0.5,1,2
-2.271823,53.4617865,-8061922295749869568,168,1,0,0,0,0.25,0.25,0.5,1,2
-2.2415622,53.4375826,-1843965391292332288,118,1,1,0,0,0.5,0.333333333333333,0.577350269189626,0.666666666666667,1.15470053837925
-2.2416592,53.4546606,4349522815728765440,199,0,1,0,0,0.25,0.25,0.5,1,2
-2.2417308,53.4672443,2454071244849789440,103,0,0,1,0,0.25,0.25,0.5,1,2
-2.2417359,53.4681432,-283365702423166240,117,0,1,0,0,0.25,0.25,0.5,1,2
-2.2701741,53.439319,2103850637119775488,104,0,0,0,2,0.5,1,1,2,2
-2.2686574,53.4375247,852489970134513408,125,0,1,0,1,0.5,0.333333333333333,0.577350269189626,0.666666666666667,1.15470053837925
-2.2686744,53.4402212,-1857391977896770816,46,1,0,0,1,0.5,0.333333333333333,0.577350269189626,0.666666666666667,1.15470053837925
-2.2687937,53.4590968,-3584557752219299328,111,0,0,1,0,0.25,0.25,0.5,1,2
-2.2687993,53.4599956,-6844127333671108608,187,0,0,1,0,0.25,0.25,0.5,1,2
-2.2686971,53.4438166,3474234079185611264,82,0,1,0,0,0.25,0.25,0.5,1,2
-2.2389253,53.5041026,-2875264650875428352,166,0,1,0,0,0.25,0.25,0.5,1,2
-2.2390114,53.5193827,-5990596633505571840,77,0,0,0,1,0.25,0.25,0.5,1,2
-2.2670844,53.426742,-1270763340813614336,65,0,0,1,0,0.25,0.25,0.5,1,2
-2.26709,53.4276408,262638317323251424,61,0,3,0,0,0.75,2.25,1.5,3,2
-2.2670957,53.4285397,-7479870971964532736,56,0,1,0,1,0.5,0.333333333333333,0.577350269189626,0.666666666666667,1.15470053837925
-2.2672198,53.4483141,3010919301694557696,128,0,0,0,2,0.5,1,1,2,2
-2.2672933,53.459999,512114857271416576,189,0,1,0,0,0.25,0.25,0.5,1,2
-2.267107,53.4303373,-6826224197300134912,33,0,1,0,1,0.5,0.333333333333333,0.577350269189626,0.666666666666667,1.15470053837925
-2.2671126,53.4312362,-7076953693572060160,16,0,0,0,1,0.25,0.25,0.5,1,2
-2.2671634,53.4393257,8503882050047139840,75,1,0,0,0,0.25,0.25,0.5,1,2
-2.2371365,53.4537708,3619313924070138368,76,1,0,0,0,0.25,0.25,0.5,1,2
-2.2374378,53.5077009,1991226355733198592,134,1,0,0,0,0.25,0.25,0.5,1,2
-2.2642588,53.4564104,-6263564120982870016,105,0,0,0,1,0.25,0.25,0.5,1,2
-2.2656805,53.4429245,-7439136603993783296,122,0,0,1,0,0.25,0.25,0.5,1,2
-2.2657198,53.4492163,4001116311846653440,56,1,0,0,0,0.25,0.25,0.5,1,2
-2.2657479,53.4537105,-1827738611284866304,147,0,0,1,0,0.25,0.25,0.5,1,2
-2.2643146,53.4653988,5809435369742014464,29,0,0,0,1,0.25,0.25,0.5,1,2
-2.2644544,53.4878696,1242391797495636736,178,0,1,0,0,0.25,0.25,0.5,1,2
-2.2645496,53.5031498,-6828028254037149696,115,0,1,0,0,0.25,0.25,0.5,1,2
-2.2640356,53.4204568,-734067096086180096,79,0,1,1,0,0.5,0.333333333333333,0.577350269189626,0.666666666666667,1.15470053837925
-2.2643649,53.4734883,-6007392017354586112,126,1,0,0,0,0.25,0.25,0.5,1,2
-2.2644712,53.4905661,6004594086827924480,74,0,1,0,0,0.25,0.25,0.5,1,2
-2.2627084,53.449223,-163503776160216352,98,1,0,0,1,0.5,0.333333333333333,0.577350269189626,0.666666666666667,1.15470053837925
-2.2625586,53.4249543,-2149074623858105600,66,1,1,0,1,0.75,0.25,0.5,0.333333333333333,0.666666666666667
-2.261142,53.4393391,-1699115452075979008,78,0,1,0,0,0.25,0.25,0.5,1,2
-2.2612192,53.4519228,3765792044417202688,84,0,0,1,0,0.25,0.25,0.5,1,2
-2.2612358,53.4546193,8853616955023384576,107,1,0,0,0,0.25,0.25,0.5,1,2
-2.2612689,53.4600124,3465488899616844288,133,0,1,1,0,0.5,0.333333333333333,0.577350269189626,0.666666666666667,1.15470053837925
-2.2613021,53.4654054,-2902947846878166528,241,1,0,0,0,0.25,0.25,0.5,1,2
-2.2329836,53.5202935,3116825868624013824,107,0,0,0,1,0.25,0.25,0.5,1,2
-2.262725,53.4519195,-6925503105311281152,20,1,0,0,0,0.25,0.25,0.5,1,2
-2.2627472,53.4555149,-4548301921538814464,96,1,0,0,1,0.5,0.333333333333333,0.577350269189626,0.666666666666667,1.15470053837925
-2.2627639,53.4582114,9160718442913329152,200,1,0,0,0,0.25,0.25,0.5,1,2
-2.2596421,53.4402412,990621383532603136,76,0,0,1,0,0.25,0.25,0.5,1,2
-2.2596915,53.4483308,-3767283047999015424,137,1,0,1,1,0.75,0.25,0.5,0.333333333333333,0.666666666666667
-2.2599112,53.4842842,4091027335395737088,114,0,0,1,0,0.25,0.25,0.5,1,2
-2.2600543,53.5076538,3866183711136412160,62,1,0,0,0,0.25,0.25,0.5,1,2
-2.2611916,53.4474286,1858027157736379136,200,1,0,1,0,0.5,0.333333333333333,0.577350269189626,0.666666666666667,1.15470053837925
-2.2613187,53.4681019,-8709344752496523264,85,1,0,0,0,0.25,0.25,0.5,1,2
-2.2580931,53.4330537,6311115836067271680,31,0,0,0,1,0.25,0.25,0.5,1,2
-2.2583387,53.4735015,3693057442702863872,295,0,1,0,0,0.25,0.25,0.5,1,2
-2.2585192,53.503163,-2781681239378692608,82,0,0,1,0,0.25,0.25,0.5,1,2
-2.2312157,53.4726582,7281941827309597696,162,0,1,1,0,0.5,0.333333333333333,0.577350269189626,0.666666666666667,1.15470053837925
-2.229894,53.5068169,-7826724878893005824,69,0,0,0,1,0.25,0.25,0.5,1,2
-2.2300451,53.5346806,-487255334823517440,55,1,0,0,0,0.25,0.25,0.5,1,2
-2.2581749,53.4465363,-5689786717767470080,122,1,1,0,0,0.5,0.333333333333333,0.577350269189626,0.666666666666667,1.15470053837925
-2.2582186,53.4537271,-1321051784243774720,114,0,0,0,1,0.25,0.25,0.5,1,2
-2.2552446,53.4600254,3641103430023293440,46,0,0,0,1,0.25,0.25,0.5,1,2
-2.2553958,53.4851928,-6233705349204903936,371,0,1,0,0,0.25,0.25,0.5,1,2
-2.2566314,53.4402477,-4657014432501197824,174,1,2,0,0,0.75,0.916666666666667,0.957427107756338,1.22222222222222,1.27656947700845
-2.2566802,53.4483373,7689138725464679424,22,0,1,0,0,0.25,0.25,0.5,1,2
-2.2567887,53.466314,-7.983219759458e+18,169,1,0,0,0,0.25,0.25,0.5,1,2
-2.2568974,53.4842907,-2491735459512775168,54,1,0,0,0,0.25,0.25,0.5,1,2
-2.2536206,53.4402541,7570392762651541504,79,0,1,0,0,0.25,0.25,0.5,1,2
-2.2538835,53.4842972,-8230560050219767808,398,0,0,1,0,0.25,0.25,0.5,1,2
-2.2540771,53.5166551,-3098593950426377728,113,0,0,0,1,0.25,0.25,0.5,1,2
-2.2552176,53.4555312,-319390205956029696,116,1,0,0,0,0.25,0.25,0.5,1,2
-2.2521152,53.4402573,-2902642379969194496,61,0,0,0,1,0.25,0.25,0.5,1,2
-2.2523819,53.4851992,-7821701272676798464,268,0,0,1,0,0.25,0.25,0.5,1,2
-2.2536313,53.4420518,4868858221494073344,96,1,0,0,0,0.25,0.25,0.5,1,2
-2.253862,53.4807018,4032031482906468864,453,1,0,0,1,0.5,0.333333333333333,0.577350269189626,0.666666666666667,1.15470053837925
-2.2539103,53.4887913,-3206304228323926528,90,0,0,0,1,0.25,0.25,0.5,1,2
-2.2507264,53.460035,6896534362686226432,38,0,1,0,0,0.25,0.25,0.5,1,2
-2.250859,53.4825059,7192671672372405248,128,0,0,1,0,0.25,0.25,0.5,1,2
-2.2521312,53.4429539,1.611487079377e+18,96,0,1,0,0,0.25,0.25,0.5,1,2
-2.2525476,53.513063,-2707826046949618176,117,0,0,0,1,0.25,0.25,0.5,1,2
-2.2492256,53.460937,8117824180759190528,220,0,2,2,0,1,1.33333333333333,1.15470053837925,1.33333333333333,1.15470053837925
-2.2207167,53.4816666,3071424412547859968,221,1,1,1,0,0.75,0.25,0.5,0.333333333333333,0.666666666666667
-2.2207634,53.4906549,9159546828961242112,38,0,1,0,0,0.25,0.25,0.5,1,2
-2.2208242,53.5023398,251300396463004384,79,1,0,0,0,0.25,0.25,0.5,1,2
-2.2509705,53.5013814,-127819332383634720,109,0,0,1,0,0.25,0.25,0.5,1,2
-2.247798,53.4744227,1001503300707430144,551,1,0,0,1,0.5,0.333333333333333,0.577350269189626,0.666666666666667,1.15470053837925
-2.2192052,53.4807705,7380023510236883968,227,0,0,0,1,0.25,0.25,0.5,1,2
-2.2192609,53.4915565,-1113777052832316672,47,0,1,0,0,0.25,0.25,0.5,1,2
-2.2491518,53.4483532,7307523009065219072,141,0,1,0,0,0.25,0.25,0.5,1,2
-2.2492994,53.4735207,4840897166371152896,370,1,0,0,0,0.25,0.25,0.5,1,2
-2.2495211,53.5112717,1371890679563705088,106,0,0,1,0,0.25,0.25,0.5,1,2
-2.2446555,53.4519579,7954064030875412480,40,1,0,0,0,0.25,0.25,0.5,1,2
-2.2446607,53.4528568,5.988385527366e+18,146,0,1,0,1,0.5,0.333333333333333,0.577350269189626,0.666666666666667,1.15470053837925
-2.244671,53.4546544,1912822773261043456,168,1,0,1,0,0.5,0.333333333333333,0.577350269189626,0.666666666666667,1.15470053837925
-2.2451168,53.5319541,-491757027960741120,12,1,0,0,0,0.25,0.25,0.5,1,2
-2.2162831,53.4987527,1313364414431961856,83,1,0,1,0,0.5,0.333333333333333,0.577350269189626,0.666666666666667,1.15470053837925
-2.2432628,53.4717354,-870476448956001536,111,0,1,0,0,0.25,0.25,0.5,1,2
-2.2464427,53.500492,3834550145381805568,160,0,0,0,1,0.25,0.25,0.5,1,2
-2.2464635,53.5040873,1136297441993124608,77,1,0,1,0,0.5,0.333333333333333,0.577350269189626,0.666666666666667,1.15470053837925
-2.2464687,53.5049861,-4524879903371928064,257,0,0,1,0,0.25,0.25,0.5,1,2
-2.246474,53.505885,337999263450757888,83,0,0,0,1,0.25,0.25,0.5,1,2
-2.2465001,53.5103791,3715910655890937344,107,0,0,1,0,0.25,0.25,0.5,1,2
-2.2449403,53.5013939,5967660452918800384,125,0,0,1,0,0.25,0.25,0.5,1,2
-2.2435308,53.5184748,2409017164899022336,78,1,0,0,0,0.25,0.25,0.5,1,2
-2.2400671,53.4393833,8248467907926699008,93,0,1,0,0,0.25,0.25,0.5,1,2
-2.2401736,53.458259,2592167265298257408,63,1,0,0,0,0.25,0.25,0.5,1,2
-2.2403566,53.4906171,8413217542341649408,741,1,0,0,1,0.5,0.333333333333333,0.577350269189626,0.666666666666667,1.15470053837925
-2.2403617,53.4915159,-5646259602430042112,286,0,3,0,0,0.75,2.25,1.5,3,2
-2.2403719,53.4933136,-6856399593280778240,2,1,0,0,0,0.25,0.25,0.5,1,2
-2.2118146,53.5095468,-29007424851867928,99,0,1,0,0,0.25,0.25,0.5,1,2
-2.2417257,53.4663455,-4918345052808375296,79,0,0,1,0,0.25,0.25,0.5,1,2
-2.2417666,53.4735362,6181044758576915456,811,2,1,0,0,0.75,0.916666666666667,0.957427107756338,1.22222222222222,1.27656947700845
-2.2400417,53.4348891,-489448938180642048,77,0,1,0,0,0.25,0.25,0.5,1,2
-2.2400519,53.4366868,4630186647233637376,96,1,0,0,0,0.25,0.25,0.5,1,2
-2.2401381,53.4519671,-6863277314165968896,143,0,0,0,1,0.25,0.25,0.5,1,2
-2.2402295,53.4681462,-1867595789181558016,266,0,0,0,2,0.5,1,1,2,2
-2.2404584,53.5085937,-186442185294782752,215,0,0,1,0,0.25,0.25,0.5,1,2
-2.2370464,53.4375917,6296387975323174912,89,0,1,0,0,0.25,0.25,0.5,1,2
-2.2374076,53.502308,6406092862813268992,241,1,0,0,0,0.25,0.25,0.5,1,2
-2.2386575,53.4564643,2602098476074661376,199,1,0,0,0,0.25,0.25,0.5,1,2
-2.2387231,53.4681492,8149675673867313152,558,0,0,1,0,0.25,0.25,0.5,1,2
-2.2387534,53.4735422,8923439282830436352,194,0,0,0,1,0.25,0.25,0.5,1,2
-2.2389152,53.5023049,-8.265864934481e+18,150,1,2,0,0,0.75,0.916666666666667,0.957427107756338,1.22222222222222,1.27656947700845
-2.2389658,53.5112933,247792713489390304,111,0,0,0,1,0.25,0.25,0.5,1,2
-2.2355062,53.4313027,1439367289769029376,136,0,0,1,0,0.25,0.25,0.5,1,2
-2.2357752,53.4798401,-7967697472074744832,196,0,0,1,0,0.25,0.25,0.5,1,2
-2.23594,53.5095016,-7636429653507485696,97,0,0,0,1,0.25,0.25,0.5,1,2
-2.2086354,53.4762952,-8931963604232022016,88,0,0,1,0,0.25,0.25,0.5,1,2
-2.2372569,53.4753429,5801264947119809536,399,1,0,0,0,0.25,0.25,0.5,1,2
-2.2374428,53.5085998,-5320908525909847040,114,0,0,1,1,0.5,0.333333333333333,0.577350269189626,0.666666666666667,1.15470053837925
-2.2356108,53.4501784,-7221966839376309248,45,0,1,0,0,0.25,0.25,0.5,1,2
-2.2356357,53.4546726,8146461216011890688,90,0,1,0,0,0.25,0.25,0.5,1,2
-2.2343081,53.4870337,-4501975536633482752,437,1,0,1,0,0.5,0.333333333333333,0.577350269189626,0.666666666666667,1.15470053837925
-2.2327715,53.4816437,-1289896658103901440,43,0,0,0,1,0.25,0.25,0.5,1,2
-2.2329441,53.5131028,4605627741234424320,224,0,0,1,0,0.25,0.25,0.5,1,2
-2.234452,53.5130999,29603366498314984,221,1,0,0,0,0.25,0.25,0.5,1,2
-2.2326337,53.4564762,8863649986182614016,206,0,1,0,0,0.25,0.25,0.5,1,2
-2.2281014,53.4537884,-7411645921933659136,132,0,0,0,1,0.25,0.25,0.5,1,2
-2.2282413,53.4798547,6022152474928392192,149,0,2,0,0,0.5,1,1,2,2
-2.231206,53.4708606,-8716455985745008640,96,0,0,1,0,0.25,0.25,0.5,1,2
-2.2312745,53.4834443,6904052025489850368,239,0,0,0,1,0.25,0.25,0.5,1,2
-2.2313675,53.5005221,3664637624019364352,47,1,0,0,0,0.25,0.25,0.5,1,2
-2.226869,53.505025,4140005059668928000,42,1,0,0,0,0.25,0.25,0.5,1,2
-2.2296509,53.4618751,1157816574023572224,45,1,0,0,0,0.25,0.25,0.5,1,2
-2.2251134,53.4582883,4226395756200803840,266,0,0,0,1,0.25,0.25,0.5,1,2
-2.2281834,53.4690687,-3734600897113523712,84,1,0,0,0,0.25,0.25,0.5,1,2
-2.2236594,53.4681784,7731866902365527040,84,0,0,0,1,0.25,0.25,0.5,1,2
-2.2267729,53.4870483,2177753630259554048,72,1,0,0,0,0.25,0.25,0.5,1,2
-2.2268065,53.4933401,3445698848248231424,188,0,0,0,2,0.5,1,1,2,2
-2.2222612,53.4888545,4518087471888949760,166,0,0,0,1,0.25,0.25,0.5,1,2
-2.2222753,53.491551,-5202566474848382976,38,1,0,0,0,0.25,0.25,0.5,1,2
-2.2192006,53.4798717,-6895003298816284672,384,0,1,0,0,0.25,0.25,0.5,1,2
-2.2207027,53.4789701,3333559694201947648,291,0,0,1,0,0.25,0.25,0.5,1,2
-2.2178321,53.5068395,-165374080005793056,70,0,0,0,1,0.25,0.25,0.5,1,2
-2.2193863,53.515825,5184259867015975936,97,1,0,0,0,0.25,0.25,0.5,1,2
-2.2193956,53.5176227,-8774729146862757888,98,0,0,0,1,0.25,0.25,0.5,1,2
-2.2147848,53.5005531,5796870444516296704,73,0,0,1,0,0.25,0.25,0.5,1,2
-2.2147893,53.5014519,4424844881669426688,102,0,1,0,0,0.25,0.25,0.5,1,2
-2.2148712,53.5176309,-5258185603208631296,149,0,1,0,0,0.25,0.25,0.5,1,2
-2.2178736,53.514929,-1009243187950753024,55,0,1,0,0,0.25,0.25,0.5,1,2
-2.2161001,53.4627992,6823005531966265344,110,0,0,0,1,0.25,0.25,0.5,1,2
-2.2147802,53.4996543,-7565931700964527104,69,1,0,0,0,0.25,0.25,0.5,1,2
-2.2103379,53.5158413,152063681344322272,149,0,0,0,1,0.25,0.25,0.5,1,2
-2.2116577,53.4780876,-1595893215123188992,84,0,0,1,0,0.25,0.25,0.5,1,2
-2.2071989,53.4906792,4136238420841185792,51,0,0,1,0,0.25,0.25,0.5,1,2
-2.2055395,53.4592225,-7445363769653041152,143,0,1,0,0,0.25,0.25,0.5,1,2
-2.2055916,53.4700086,-8078358398755904512,107,0,0,1,0,0.25,0.25,0.5,1,2
-2.2027547,53.506866,-1538685102439419136,132,0,1,0,0,0.25,0.25,0.5,1,2
-2.1907735,53.5248626,-6104388460735965184,28,0,1,0,0,0.25,0.25,0.5,1,2
-2.1847165,53.5194791,4697728158628866048,60,0,0,1,0,0.25,0.25,0.5,1,2
-2.2835425,53.4123223,4092111883932151296,82,0,0,0,3,0.75,2.25,1.5,3,2
-2.2820084,53.4078317,7333750788004378624,15,0,1,2,0,0.75,0.916666666666667,0.957427107756338,1.22222222222222,1.27656947700845
-2.2822109,53.4383923,-5048163023474009088,85,0,1,0,0,0.25,0.25,0.5,1,2
-2.2805041,53.4078352,4332814010222559744,39,6,3,3,0,3,6,2.44948974278318,2,0.816496580927726
-2.2805219,53.4105317,-6015351269025639424,53,2,2,2,0,1.5,1,1,0.666666666666667,0.666666666666667
-2.2776597,53.4330098,3365870502216337920,51,0,0,0,1,0.25,0.25,0.5,1,2
-2.2777477,53.4464924,1694254426441431808,103,0,0,1,0,0.25,0.25,0.5,1,2
-2.2759914,53.4078457,4777511861683042304,87,2,3,1,4,2.5,1.66666666666667,1.29099444873581,0.666666666666667,0.516397779494322
-2.2761371,53.4303168,-6680092111658938368,35,0,0,1,0,0.25,0.25,0.5,1,2
-2.2762013,53.440204,9110268804319643648,178,0,1,1,0,0.5,0.333333333333333,0.577350269189626,0.666666666666667,1.15470053837925
-2.2764349,53.4761575,-9012964791317126144,64,0,0,1,0,0.25,0.25,0.5,1,2
-2.2746611,53.4348145,1.271329661463e+18,122,0,0,0,1,0.25,0.25,0.5,1,2
-2.2746669,53.4357133,1854218814845587200,118,1,1,0,0,0.5,0.333333333333333,0.577350269189626,0.666666666666667,1.15470053837925
-2.2716048,53.4276306,-1766416173655746816,58,2,0,0,0,0.5,1,1,2,2
-2.2716679,53.4375179,5003222950860179456,181,1,1,0,0,0.5,0.333333333333333,0.577350269189626,0.666666666666667,1.15470053837925
-2.2717828,53.4554946,1248677751392405248,92,1,0,0,0,0.25,0.25,0.5,1,2
-2.2701056,53.4285329,-3531350171022767616,65,1,0,1,1,0.75,0.25,0.5,0.333333333333333,0.666666666666667
-2.2703111,53.4608911,4864329931833854976,146,0,0,0,1,0.25,0.25,0.5,1,2
-2.2835485,53.4132212,3969861542643270144,54,0,0,1,1,0.5,0.333333333333333,0.577350269189626,0.666666666666667,1.15470053837925
-2.2807115,53.4392946,8131313333571099648,132,0,1,0,0,0.25,0.25,0.5,1,2
-2.2807352,53.44289,7631212488994437120,54,0,0,0,1,0.25,0.25,0.5,1,2
-2.2807708,53.448283,-1984603250591761664,102,0,0,0,1,0.25,0.25,0.5,1,2
-2.2810262,53.4869329,-6329735821648130048,46,0,0,1,0,0.25,0.25,0.5,1,2
-2.2791767,53.434804,425471505472654080,63,0,0,0,1,0.25,0.25,0.5,1,2
-2.2791884,53.4366017,-6235169724405933056,119,0,0,0,1,0.25,0.25,0.5,1,2
-2.2775308,53.4132353,-5149174110885966848,56,1,0,2,3,1.5,1.66666666666667,1.29099444873581,1.11111111111111,0.86066296582387
-2.2777595,53.4482901,-1993959904031063296,103,0,0,0,1,0.25,0.25,0.5,1,2
-2.2760264,53.4132388,-7356249526671361024,61,1,1,2,2,1.5,0.333333333333333,0.577350269189626,0.222222222222222,0.38490017945975
-2.2729772,53.4069538,8625325334880849920,15,0,0,1,0,0.25,0.25,0.5,1,2
-2.2729945,53.4096503,2502485987015978496,36,1,1,0,1,0.75,0.25,0.5,0.333333333333333,0.666666666666667
-2.2715017,53.4114515,2607368371861881344,58,0,0,1,0,0.25,0.25,0.5,1,2
-2.271622,53.4303271,-755899295280231680,78,1,0,1,0,0.5,0.333333333333333,0.577350269189626,0.666666666666667,1.15470053837925
-2.2717024,53.4429109,2182803760216143616,99,1,0,1,0,0.5,0.333333333333333,0.577350269189626,0.666666666666667,1.15470053837925
-2.2686177,53.4312328,5929106712768066560,54,1,0,0,0,0.25,0.25,0.5,1,2
-2.2687141,53.4465131,8849014886642386944,56,0,0,1,0,0.25,0.25,0.5,1,2
-2.268896,53.4752758,-3260278128467222016,67,0,0,1,0,0.25,0.25,0.5,1,2
-2.2691522,53.5157233,-7960032706671597568,78,0,0,1,0,0.25,0.25,0.5,1,2
-2.2672876,53.4591002,6221633269961437184,220,0,0,0,1,0.25,0.25,0.5,1,2
-2.2673667,53.4716839,-2755783228135779840,138,0,0,0,1,0.25,0.25,0.5,1,2
-2.2655739,53.4258465,-1372853988095750400,75,0,0,1,1,0.5,0.333333333333333,0.577350269189626,0.666666666666667,1.15470053837925
-2.2655795,53.4267453,2602561539043859968,63,0,0,0,1,0.25,0.25,0.5,1,2
-2.2656244,53.4339361,2287985126169965312,43,1,0,0,0,0.25,0.25,0.5,1,2
-2.2656749,53.4420256,3466294467095668224,129,0,0,1,1,0.5,0.333333333333333,0.577350269189626,0.666666666666667,1.15470053837925
-2.2656861,53.4438233,6695152139869885440,47,0,1,1,1,0.75,0.25,0.5,0.333333333333333,0.666666666666667
-2.2657984,53.4618001,-4293718806817120768,234,1,0,0,0,0.25,0.25,0.5,1,2
-2.2640467,53.4222545,-1749838758065709312,108,0,0,1,0,0.25,0.25,0.5,1,2
-2.2640523,53.4231533,-8927705407691116544,82,0,2,0,0,0.5,1,1,2,2
-2.264069,53.4258498,-8208756088474010624,76,0,0,3,0,0.75,2.25,1.5,3,2
-2.264108,53.4321417,3796949023131756032,116,1,0,0,0,0.25,0.25,0.5,1,2
-2.2641583,53.4402313,-947231051617197312,90,0,1,0,0,0.25,0.25,0.5,1,2
-2.2642476,53.4546127,-2036040441391633664,65,1,1,0,0,0.5,0.333333333333333,0.577350269189626,0.666666666666667,1.15470053837925
-2.2643034,53.4636011,-6748719064454259712,65,0,0,1,0,0.25,0.25,0.5,1,2
-2.2643593,53.4725894,-8022021523900844032,153,0,0,0,1,0.25,0.25,0.5,1,2
-2.2625253,53.4195613,-1779317988209986816,38,1,0,0,0,0.25,0.25,0.5,1,2
-2.2628695,53.4752893,2842998703478311424,490,0,1,0,2,0.75,0.916666666666667,0.957427107756338,1.22222222222222,1.27656947700845
-2.2598013,53.4663075,-7981186070251876352,286,0,1,0,0,0.25,0.25,0.5,1,2
-2.2598453,53.4734982,-3504309550376569344,132,1,0,0,0,0.25,0.25,0.5,1,2
-2.2598947,53.4815877,-5826741397023602688,204,1,1,0,0,0.5,0.333333333333333,0.577350269189626,0.666666666666667,1.15470053837925
-2.2584973,53.4995676,5526557567724143616,95,1,0,0,0,0.25,0.25,0.5,1,2
-2.2567507,53.4600222,-6618180047953788928,51,0,1,0,0,0.25,0.25,0.5,1,2
-2.2569789,53.4977732,-2553084592314715648,114,0,1,0,0,0.25,0.25,0.5,1,2
-2.2570334,53.5067615,5954197629469535232,177,0,0,1,0,0.25,0.25,0.5,1,2
-2.2570388,53.5076604,-1317716296325967104,138,0,0,0,1,0.25,0.25,0.5,1,2
-2.2551745,53.4483405,-1964760841307088128,34,2,0,0,0,0.5,1,1,2,2
-2.2552554,53.4618231,-883406053632905472,273,0,0,0,1,0.25,0.25,0.5,1,2
-2.2522538,53.4636272,5570994679541965824,93,0,1,0,0,0.25,0.25,0.5,1,2
-2.2524834,53.502277,6731967077907471360,112,0,0,1,0,0.25,0.25,0.5,1,2
-2.2507317,53.4609338,5457953313237250048,105,1,1,1,0,0.75,0.25,0.5,0.333333333333333,0.666666666666667
-2.2508059,53.4735175,2890529023403421184,121,0,0,2,0,0.5,1,1,2,2
-2.2510343,53.5121673,-1131626220107487488,104,1,0,1,0,0.5,0.333333333333333,0.577350269189626,0.666666666666667,1.15470053837925
-2.2492677,53.4681277,547655681331473152,107,1,1,1,0,0.75,0.25,0.5,0.333333333333333,0.666666666666667
-2.2492941,53.4726218,-7503026198377778176,259,0,2,0,1,0.75,0.916666666666667,0.957427107756338,1.22222222222222,1.27656947700845
-2.2493627,53.4843067,3242767463398636032,184,1,1,1,0,0.75,0.25,0.5,0.333333333333333,0.666666666666667
-2.2494999,53.5076764,3042762940869399040,105,1,0,0,0,0.25,0.25,0.5,1,2
-2.2478138,53.4771192,7782047750853406720,384,0,0,1,0,0.25,0.25,0.5,1,2
-2.2478715,53.4870063,7938018983203928064,789,0,2,0,0,0.5,1,1,2,2
-2.2463696,53.4879083,5164665623570096128,522,0,1,0,1,0.5,0.333333333333333,0.577350269189626,0.666666666666667,1.15470053837925
-2.2464531,53.5022896,2908591674732499456,90,1,0,0,1,0.5,0.333333333333333,0.577350269189626,0.666666666666667,1.15470053837925
-2.2446348,53.4483626,-2910396938985803264,36,0,0,1,0,0.25,0.25,0.5,1,2
-2.2450389,53.5184717,-1815012712210027776,70,0,1,0,0,0.25,0.25,0.5,1,2
-2.2431651,53.4546575,5739930672738113536,186,0,0,1,0,0.25,0.25,0.5,1,2
-2.2434689,53.5076888,8297671088164459520,81,1,0,1,0,0.5,0.333333333333333,0.577350269189626,0.666666666666667,1.15470053837925
-2.2419201,53.5005012,-860542534310240512,177,1,0,0,0,0.25,0.25,0.5,1,2
-2.2420021,53.5148825,-5757411569883617280,35,0,1,0,0,0.25,0.25,0.5,1,2
-2.2402041,53.463652,8420902001935208448,199,1,1,0,0,0.5,0.333333333333333,0.577350269189626,0.666666666666667,1.15470053837925
-2.240321,53.4843252,8591442245080368128,63,1,0,0,0,0.25,0.25,0.5,1,2
-2.2404228,53.5023019,6410190910028704768,95,0,0,1,0,0.25,0.25,0.5,1,2
-2.2386374,53.452869,-365786342603668736,155,0,0,1,0,0.25,0.25,0.5,1,2
-2.2386525,53.4555655,2170932627127265024,207,1,0,0,0,0.25,0.25,0.5,1,2
-2.238809,53.4834294,-5885008051851832320,298,1,0,0,0,0.25,0.25,0.5,1,2
-2.2371616,53.458265,-2265605960169986304,115,0,0,0,1,0.25,0.25,0.5,1,2
-2.2372619,53.4762418,-3791133026960412160,122,0,0,0,1,0.25,0.25,0.5,1,2
-2.2372971,53.4825336,-4780003580208137216,334,0,0,1,0,0.25,0.25,0.5,1,2
-2.235551,53.4393923,-1096417476978799872,88,0,1,0,0,0.25,0.25,0.5,1,2
-2.23599,53.5184899,-5765693576289022976,117,0,0,1,0,0.25,0.25,0.5,1,2
-2.235995,53.5193887,-8429308192680010752,93,0,0,0,1,0.25,0.25,0.5,1,2
-2.2343131,53.4879326,9115871128966553600,535,0,1,0,0,0.25,0.25,0.5,1,2
-2.2325501,53.4411959,-5409724307345445888,50,0,1,0,0,0.25,0.25,0.5,1,2
-2.2326386,53.4573751,1634945888954949376,215,0,0,0,1,0.25,0.25,0.5,1,2
-2.2329095,53.506811,-6581433011578084352,135,0,1,0,0,0.25,0.25,0.5,1,2
-2.2312598,53.4807478,-5766163884718156800,288,1,1,0,1,0.75,0.25,0.5,0.333333333333333,0.666666666666667
-2.2298648,53.5014239,-2915095795601400320,92,0,0,0,1,0.25,0.25,0.5,1,2
-2.2285219,53.531987,7249075366723651584,83,0,0,0,1,0.25,0.25,0.5,1,2
-2.2265045,53.4367133,-4987460484616721408,216,0,1,0,0,0.25,0.25,0.5,1,2
-2.2250849,53.4528953,-2136857592419248384,182,0,1,0,0,0.25,0.25,0.5,1,2
-2.225347,53.5023313,-7446144588792611840,50,1,0,0,0,0.25,0.25,0.5,1,2
-2.2239437,53.5221085,766162653379677952,166,0,0,0,1,0.25,0.25,0.5,1,2
-2.2207307,53.4843631,-6624253781028410368,65,0,0,0,1,0.25,0.25,0.5,1,2
-2.2192238,53.4843659,-1271374014002740480,352,0,1,0,0,0.25,0.25,0.5,1,2
-2.2162374,53.4897644,-2792484909347444224,55,0,0,0,1,0.25,0.25,0.5,1,2
-2.2163931,53.5203247,6499671207291994112,133,0,1,0,0,0.25,0.25,0.5,1,2
-2.207313,53.5140489,-568228821260059904,87,0,1,0,0,0.25,0.25,0.5,1,2
-2.205683,53.4888842,-4848791778574047232,16,0,0,1,0,0.25,0.25,0.5,1,2
-2.1981055,53.4799085,-4141022215804058112,80,0,0,0,1,0.25,0.25,0.5,1,2
-2.1861813,53.5095896,7646787736742387712,72,0,1,0,0,0.25,0.25,0.5,1,2
-2.2342685,53.4798431,-3206141364522134016,82,1,0,0,0,0.25,0.25,0.5,1,2
-2.2325944,53.4492855,7823379637270533120,187,0,0,1,0,0.25,0.25,0.5,1,2
-2.2313871,53.5041175,1.804681553926e+18,56,0,0,0,1,0.25,0.25,0.5,1,2
-2.2280821,53.450193,9002815133861495808,220,0,1,0,0,0.25,0.25,0.5,1,2
-2.228193,53.4708664,-2655751752636667392,84,0,0,0,1,0.25,0.25,0.5,1,2
-2.2266914,53.4717681,1.356557804232e+18,78,0,1,0,0,0.25,0.25,0.5,1,2
-2.2252468,53.4834558,2157717806700333824,580,1,0,0,0,0.25,0.25,0.5,1,2
-2.2237636,53.4879528,5716225579893564416,96,0,0,1,0,0.25,0.25,0.5,1,2
-2.22411,53.5535674,-6851590562808860672,50,0,1,0,0,0.25,0.25,0.5,1,2
-2.2221296,53.463687,-3341107179996908032,217,0,0,1,0,0.25,0.25,0.5,1,2
-2.2209178,53.5203164,-3892454738083023360,102,1,0,0,0,0.25,0.25,0.5,1,2
-2.2164344,53.5284142,-3807376303915505152,15,1,0,0,0,0.25,0.25,0.5,1,2
-2.2133857,53.5221278,-377610138832055552,63,0,0,1,0,0.25,0.25,0.5,1,2
-2.2133902,53.5230266,-8888927409894851584,81,1,0,0,0,0.25,0.25,0.5,1,2
-2.1936098,53.485309,4597359550148487680,274,0,1,0,0,0.25,0.25,0.5,1,2
-2.1876295,53.4961047,-2007159419611614464,99,0,0,1,0,0.25,0.25,0.5,1,2
-2.2867631,53.4437745,6385256950710109184,71,0,0,0,1,0.25,0.25,0.5,1,2
-2.2855533,53.487821,-1562290618259827968,236,0,1,0,0,0.25,0.25,0.5,1,2
-2.2835246,53.4096258,-3868089290279915008,97,1,0,1,2,1,0.666666666666667,0.816496580927726,0.666666666666667,0.816496580927726
-2.2835545,53.41412,-604584662048208128,81,0,1,0,1,0.5,0.333333333333333,0.577350269189626,0.666666666666667,1.15470053837925
-2.2840523,53.4887235,-8769379405496796160,168,1,0,0,0,0.25,0.25,0.5,1,2
-2.2820203,53.4096293,1639167866308311808,60,0,0,3,0,0.75,2.25,1.5,3,2
-2.2821811,53.4338981,8793207819091581952,33,0,0,1,0,0.25,0.25,0.5,1,2
-2.2805278,53.4114306,-891839692390637824,88,1,4,2,0,1.75,2.91666666666667,1.70782512765993,1.66666666666667,0.975900072948533
-2.2805397,53.4132283,-1703840922334193920,106,2,0,2,0,1,1.33333333333333,1.15470053837925,1.33333333333333,1.15470053837925
-2.279212,53.440197,1801065680850968320,46,0,0,1,0,0.25,0.25,0.5,1,2
-2.2776832,53.4366052,-2810586499428100608,102,1,0,0,0,0.25,0.25,0.5,1,2
-2.276318,53.4581808,8536066135954609152,104,0,1,0,0,0.25,0.25,0.5,1,2
-2.2745104,53.4114446,2776124305548314112,53,2,0,2,1,1.25,0.916666666666667,0.957427107756338,0.733333333333333,0.765941686205071
-2.2746437,53.4321179,5129489803469690880,72,0,0,1,0,0.25,0.25,0.5,1,2
-2.2747017,53.4411063,8694593917841940480,159,1,0,0,0,0.25,0.25,0.5,1,2
-2.2748353,53.4617796,-7963577233589940224,96,0,0,1,0,0.25,0.25,0.5,1,2
-2.2730003,53.4105492,3264365294101990912,56,3,0,1,1,1.25,1.58333333333333,1.25830573921179,1.26666666666667,1.00664459136943
-2.2732136,53.4438063,-417024174447418624,90,0,1,0,0,0.25,0.25,0.5,1,2
-2.2732425,53.4483005,8733510083342366720,94,0,1,0,0,0.25,0.25,0.5,1,2
-2.2716106,53.4285295,7754654589363493888,93,1,0,1,0,0.5,0.333333333333333,0.577350269189626,0.666666666666667,1.15470053837925
-2.2716622,53.436619,-8086981265581416448,43,0,0,0,1,0.25,0.25,0.5,1,2
-2.2718057,53.45909,-8600001958700940288,18,1,0,0,0,0.25,0.25,0.5,1,2
-2.270117,53.4303306,-2806142382302742016,91,0,0,0,1,0.25,0.25,0.5,1,2
-2.2701969,53.4429143,-883026300836609280,79,0,0,0,1,0.25,0.25,0.5,1,2
-2.2702369,53.4492062,-41763006241118488,166,0,0,1,1,0.5,0.333333333333333,0.577350269189626,0.666666666666667,1.15470053837925
-2.2685893,53.4267386,2619795937893905920,41,0,0,1,0,0.25,0.25,0.5,1,2
-2.268663,53.4384235,-5934466008652672000,77,0,0,0,1,0.25,0.25,0.5,1,2
-2.2687198,53.4474119,9176374504117686272,183,0,0,0,1,0.25,0.25,0.5,1,2
-2.267265,53.4555048,4478697253586027008,96,0,0,0,2,0.5,1,1,2,2
-2.2675762,53.5049407,2255857857781311232,144,0,0,1,0,0.25,0.25,0.5,1,2
-2.2655571,53.42315,-6269426899360172032,80,0,1,0,0,0.25,0.25,0.5,1,2
-2.2656131,53.4321384,-5612665323381379072,68,0,1,0,0,0.25,0.25,0.5,1,2
-2.2657029,53.4465198,-6965110007834915840,84,1,0,2,0,0.75,0.916666666666667,0.957427107756338,1.22222222222222,1.27656947700845
-2.2657928,53.4609012,-1904394336203279616,193,1,0,1,0,0.5,0.333333333333333,0.577350269189626,0.666666666666667,1.15470053837925
-2.2640634,53.424951,4576024703511444992,83,0,1,3,0,1,2,1.4142135623731,2,1.4142135623731
-2.2642029,53.447422,3721020951281224192,203,0,2,0,0,0.5,1,1,2,2
-2.264309,53.4644999,8219405227605502976,113,0,1,0,0,0.25,0.25,0.5,1,2
-2.2643258,53.4671964,8410429993822946304,172,0,1,0,0,0.25,0.25,0.5,1,2
-2.2643482,53.4707918,3746528563888760320,268,1,0,1,0,0.5,0.333333333333333,0.577350269189626,0.666666666666667,1.15470053837925
-2.2625309,53.4204601,4891468263654589440,85,0,0,1,0,0.25,0.25,0.5,1,2
-2.2611254,53.4366426,7611762257099942912,50,1,0,1,0,0.5,0.333333333333333,0.577350269189626,0.666666666666667,1.15470053837925
-2.259527,53.4213655,-1526408019100543232,77,0,0,0,1,0.25,0.25,0.5,1,2
-2.2596476,53.44114,-1472872315449357568,109,0,0,0,1,0.25,0.25,0.5,1,2
-2.2597244,53.4537238,7887483291957063680,100,0,1,0,0,0.25,0.25,0.5,1,2
-2.2599387,53.4887784,-2893921749154383360,238,0,1,0,0,0.25,0.25,0.5,1,2
-2.2582568,53.4600189,-2816051325431127552,109,0,0,1,0,0.25,0.25,0.5,1,2
-2.2582677,53.4618166,-4015955229236073984,184,1,1,2,0,1,0.666666666666667,0.816496580927726,0.666666666666667,0.816496580927726
-2.2584043,53.4842875,-15492217514117402,255,0,0,0,1,0.25,0.25,0.5,1,2
-2.2568104,53.4699094,-5781117913048843264,50,0,0,1,0,0.25,0.25,0.5,1,2
-2.2550883,53.433959,-5515627397525846016,120,0,0,1,0,0.25,0.25,0.5,1,2
-2.2552608,53.4627219,-2573409270913600000,80,0,1,0,0,0.25,0.25,0.5,1,2
-2.253626,53.441153,6462307912386725888,42,0,0,0,1,0.25,0.25,0.5,1,2
-2.2506098,53.4402605,-6695460459517440000,34,0,1,0,0,0.25,0.25,0.5,1,2
-2.2507158,53.4582373,2227005268828979968,135,0,0,0,1,0.25,0.25,0.5,1,2
-2.2509386,53.4959884,2201931356090007296,14,0,1,0,0,0.25,0.25,0.5,1,2
-2.2492783,53.4699253,4819572454989965312,109,0,0,1,0,0.25,0.25,0.5,1,2
-2.2461613,53.4519548,-4213934710340376064,99,1,0,0,0,0.25,0.25,0.5,1,2
-2.2447642,53.4708335,2100845087143073536,308,0,0,0,2,0.5,1,1,2,2
-2.2835306,53.4105246,7604098981305784320,104,2,0,0,0,0.5,1,1,2,2
-2.2430521,53.434883,3980740311955190272,93,0,0,1,0,0.25,0.25,0.5,1,2
-2.2431394,53.4501633,-3174510123056396800,122,0,0,1,0,0.25,0.25,0.5,1,2
-2.2434328,53.501397,-1342946208025146624,87,0,1,1,0,0.5,0.333333333333333,0.577350269189626,0.666666666666667,1.15470053837925
-2.243474,53.5085876,-4077782501673190912,146,0,0,1,1,0.5,0.333333333333333,0.577350269189626,0.666666666666667,1.15470053837925
-2.2435101,53.5148794,-6446330975959923712,45,0,1,0,0,0.25,0.25,0.5,1,2
-2.241598,53.4438745,5684340272832868352,112,1,0,0,0,0.25,0.25,0.5,1,2
-2.2419713,53.5094895,-1713313833432879360,144,0,1,0,0,0.25,0.25,0.5,1,2
-2.2823003,53.4518748,6037945452468788224,85,0,0,0,1,0.25,0.25,0.5,1,2
-2.2809133,53.4698551,3167156549698486784,225,0,0,0,1,0.25,0.25,0.5,1,2
-2.2790352,53.4132318,-3774935843294848512,87,2,3,0,3,2,2,1.4142135623731,1,0.707106781186548
-2.2790411,53.4141306,-7625449010453911552,81,1,3,3,2,2.25,0.916666666666667,0.957427107756338,0.407407407407407,0.425523159002817
-2.2795192,53.4869365,5427276096053025792,242,0,0,1,0,0.25,0.25,0.5,1,2
-2.240133,53.4510683,3329660565203628544,136,0,0,1,0,0.25,0.25,0.5,1,2
-2.2404482,53.5067961,839771022036954880,109,0,0,1,0,0.25,0.25,0.5,1,2
-2.2774957,53.4078422,-2624142760926695936,58,3,5,4,3,3.75,0.916666666666667,0.957427107756338,0.244444444444444,0.25531389540169
-2.2779181,53.4725586,-7602251808141112320,110,0,0,1,0,0.25,0.25,0.5,1,2
-2.2388393,53.4888224,6811481063611906048,129,1,0,0,0,0.25,0.25,0.5,1,2
-2.2747075,53.4420052,725195977359123200,99,0,0,0,1,0.25,0.25,0.5,1,2
-2.2748004,53.4563866,-256397081123384608,118,0,0,1,0,0.25,0.25,0.5,1,2
-2.2749283,53.476161,-5146968891996226560,119,1,0,0,0,0.25,0.25,0.5,1,2
-2.2374126,53.5032068,-6336846473327019008,262,0,0,0,1,0.25,0.25,0.5,1,2
-2.2730175,53.4132457,-4782145369997310976,80,2,1,1,0,1,0.666666666666667,0.816496580927726,0.666666666666667,0.816496580927726
-2.2357902,53.4825366,8108149621407959040,200,1,0,0,0,0.25,0.25,0.5,1,2
-2.23597,53.5148946,6960597233503667200,291,0,0,1,0,0.25,0.25,0.5,1,2
-2.2714959,53.4105526,-1461972670923391232,27,0,0,0,1,0.25,0.25,0.5,1,2
-2.2717483,53.4501016,5824837304951805952,106,0,0,0,1,0.25,0.25,0.5,1,2
-2.2718172,53.4608877,-3974079133570184704,48,1,0,0,0,0.25,0.25,0.5,1,2
-2.2720704,53.5004363,8776178167791667200,456,1,0,0,0,0.25,0.25,0.5,1,2
-2.2342932,53.4843372,4311328640467840512,155,0,1,0,0,0.25,0.25,0.5,1,2
-2.2344967,53.5211894,1670640798895120128,97,0,1,0,0,0.25,0.25,0.5,1,2
-2.270214,53.4456108,4207225715588733440,90,0,0,0,1,0.25,0.25,0.5,1,2
-2.2702768,53.4554981,6716872253921968128,82,0,1,0,1,0.5,0.333333333333333,0.577350269189626,0.666666666666667,1.15470053837925
-2.2686063,53.4294351,1122026596768137984,86,0,0,1,0,0.25,0.25,0.5,1,2
-2.268612,53.430334,-1902763395213284608,86,0,1,0,1,0.5,0.333333333333333,0.577350269189626,0.666666666666667,1.15470053837925
-2.2687085,53.4456142,1297530427351898880,61,1,0,0,0,0.25,0.25,0.5,1,2
-2.2670788,53.4258431,391464786909016832,63,0,0,0,1,0.25,0.25,0.5,1,2
-2.2672707,53.4564037,-6700481593475912704,129,0,0,1,0,0.25,0.25,0.5,1,2
-2.2311522,53.4609733,-4908603884976535552,288,0,1,0,0,0.25,0.25,0.5,1,2
-2.2315048,53.5256894,-5677954165620346880,33,0,1,0,0,0.25,0.25,0.5,1,2
-2.2655458,53.4213523,5332818407490085888,98,0,1,1,1,0.75,0.25,0.5,0.333333333333333,0.666666666666667
-2.2656524,53.4384303,-2113705620078942464,51,0,0,0,1,0.25,0.25,0.5,1,2
-2.2656692,53.4411268,-4845653763894476800,60,0,0,1,0,0.25,0.25,0.5,1,2
-2.265804,53.4626989,-9132471859214541824,140,0,0,0,1,0.25,0.25,0.5,1,2
-2.2658265,53.4662942,-1318580862036403456,189,1,0,1,0,0.5,0.333333333333333,0.577350269189626,0.666666666666667,1.15470053837925
-2.2297481,53.4798518,-2882557328122281472,225,1,0,0,0,0.25,0.25,0.5,1,2
-2.2282606,53.4834501,299718080835278592,399,1,0,0,0,0.25,0.25,0.5,1,2
-2.2642699,53.4582081,2240722557920245504,174,1,0,0,0,0.25,0.25,0.5,1,2
-2.2642755,53.4591069,8277026299733644288,149,1,0,0,0,0.25,0.25,0.5,1,2
-2.2643202,53.4662976,-2394555047171987968,64,0,2,0,0,0.5,1,1,2,2
-2.2646673,53.5220252,8872175647909018624,107,0,0,1,0,0.25,0.25,0.5,1,2
-2.2629251,53.4842776,8625911555842869248,92,0,1,0,0,0.25,0.25,0.5,1,2
-2.2629919,53.4950636,6564897069416984576,49,1,0,0,0,0.25,0.25,0.5,1,2
-2.263003,53.4968613,-9155669283483500544,94,0,0,1,0,0.25,0.25,0.5,1,2
-2.226653,53.4645774,-720506024598923520,339,0,0,0,1,0.25,0.25,0.5,1,2
-2.2267633,53.4852506,3091880708793074176,350,0,0,2,2,1,1.33333333333333,1.15470053837925,1.33333333333333,1.15470053837925
-2.2610538,53.4249576,4761442091000527872,62,2,0,0,0,0.5,1,1,2,2
-2.2611365,53.4384402,-8475299738797851648,63,0,1,0,0,0.25,0.25,0.5,1,2
-2.2612082,53.4501251,-6176768344446593024,95,0,0,0,1,0.25,0.25,0.5,1,2
-2.2613408,53.4716972,7806728709181881344,150,0,0,1,1,0.5,0.333333333333333,0.577350269189626,0.666666666666667,1.15470053837925
-2.2613518,53.4734949,-4037878290238213632,289,0,0,1,0,0.25,0.25,0.5,1,2
-2.2613795,53.4779891,-1133286490917992704,296,0,0,0,1,0.25,0.25,0.5,1,2
-2.2615289,53.5022576,-6836119639435230208,136,0,0,1,0,0.25,0.25,0.5,1,2
-2.2254042,53.5131173,-8728632787239635968,108,1,0,0,0,0.25,0.25,0.5,1,2
-2.2597519,53.458218,2734994937721224704,73,0,0,1,1,0.5,0.333333333333333,0.577350269189626,0.666666666666667,1.15470053837925
-2.2236027,53.4573923,-8917926015214285824,57,0,1,0,0,0.25,0.25,0.5,1,2
-2.2583169,53.4699061,-6954196481229535232,144,1,0,1,0,0.5,0.333333333333333,0.577350269189626,0.666666666666667,1.15470053837925
-2.2586123,53.5184431,-8888266330712461312,122,0,0,0,1,0.25,0.25,0.5,1,2
-2.2566747,53.4474384,-920116277845557504,171,1,0,1,2,1,0.666666666666667,0.816496580927726,0.666666666666667,0.816496580927726
-2.256729,53.4564268,8625268842838258688,72,0,0,0,1,0.25,0.25,0.5,1,2
-2.2567344,53.4573257,8833625453736819712,151,0,1,0,1,0.5,0.333333333333333,0.577350269189626,0.666666666666667,1.15470053837925
-2.2567616,53.4618198,7653164197087816704,245,0,0,0,1,0.25,0.25,0.5,1,2
-2.2567941,53.4672129,491989465114355456,84,0,0,1,0,0.25,0.25,0.5,1,2
-2.2568267,53.4726059,1217555858413846272,200,0,1,0,0,0.25,0.25,0.5,1,2
-2.2571423,53.5247381,-713639179693890816,99,0,0,1,0,0.25,0.25,0.5,1,2
-2.2551206,53.4393521,7765163510436773888,53,0,0,0,1,0.25,0.25,0.5,1,2
-2.2552932,53.4681149,3556004766852138496,126,0,0,0,1,0.25,0.25,0.5,1,2
-2.255304,53.4699126,7553071539244005376,102,1,0,0,0,0.25,0.25,0.5,1,2
-2.2554229,53.489687,5275382032462511104,283,0,0,1,0,0.25,0.25,0.5,1,2
-2.2554715,53.4977765,-222514073772665120,93,0,0,0,1,0.25,0.25,0.5,1,2
-2.2536474,53.4447483,3942466300608733696,52,0,0,1,0,0.25,0.25,0.5,1,2
-2.2537439,53.4609274,-3079846888980344320,28,0,0,0,1,0.25,0.25,0.5,1,2
-2.2537761,53.4663205,304539181631893248,193,0,0,0,1,0.25,0.25,0.5,1,2
-2.2537815,53.4672193,7207456395099158528,86,0,0,0,1,0.25,0.25,0.5,1,2
-2.2192934,53.4978484,883000116171095808,62,1,0,0,0,0.25,0.25,0.5,1,2
-2.2521632,53.4483469,-4012334592598384128,215,1,0,0,1,0.5,0.333333333333333,0.577350269189626,0.666666666666667,1.15470053837925
-2.2177814,53.4969523,-4557385773842288128,38,1,0,0,0,0.25,0.25,0.5,1,2
-2.2506363,53.4447547,-2335609531591421440,88,0,0,0,1,0.25,0.25,0.5,1,2
-2.2162007,53.4825737,1203998384935109376,78,0,0,1,0,0.25,0.25,0.5,1,2
-2.216384,53.518527,1327930023409843968,70,0,1,0,0,0.25,0.25,0.5,1,2
-2.2491255,53.443859,-466427739359911168,126,0,2,0,1,0.75,0.916666666666667,0.957427107756338,1.22222222222222,1.27656947700845
-2.2492045,53.4573416,-6779511215738191872,72,0,0,0,1,0.25,0.25,0.5,1,2
-2.2492625,53.4672288,-3832200147963435520,218,1,0,0,0,0.25,0.25,0.5,1,2
-2.2492888,53.471723,-7711565303493117952,546,1,0,0,1,0.5,0.333333333333333,0.577350269189626,0.666666666666667,1.15470053837925
-2.2493521,53.482509,8070278160886427648,182,1,0,1,1,0.75,0.25,0.5,0.333333333333333,0.666666666666667
-2.2477037,53.4582436,917443353335346944,99,0,0,0,1,0.25,0.25,0.5,1,2
-2.2477247,53.4618389,-7942383138907096064,112,0,0,1,0,0.25,0.25,0.5,1,2
-2.2447745,53.4726312,5485659747781485568,184,1,0,0,1,0.5,0.333333333333333,0.577350269189626,0.666666666666667,1.15470053837925
-2.2432268,53.4654436,-7629650627734226944,60,0,1,0,0,0.25,0.25,0.5,1,2
-2.2401432,53.4528659,6684988434940745728,198,1,0,0,0,0.25,0.25,0.5,1,2
-2.2401533,53.4546636,9117406014036504576,188,0,1,0,0,0.25,0.25,0.5,1,2
-2.2404075,53.4996054,4822936492972561408,145,1,0,0,0,0.25,0.25,0.5,1,2
-2.2388494,53.4906201,-7406594340345851904,794,1,0,1,1,0.75,0.25,0.5,0.333333333333333,0.666666666666667
-2.2088299,53.515844,-8.601127025884e+18,157,0,0,1,0,0.25,0.25,0.5,1,2
-2.2371065,53.4483778,-7949663692964614144,138,0,0,1,0,0.25,0.25,0.5,1,2
-2.2374177,53.5041056,-2846435858631278080,165,1,0,1,0,0.5,0.333333333333333,0.577350269189626,0.666666666666667,1.15470053837925
-2.2058836,53.5302305,7148558743141774336,83,1,0,0,0,0.25,0.25,0.5,1,2
-2.2358052,53.4852331,9156676758456262656,385,1,1,2,1,1.25,0.25,0.5,0.2,0.4
-2.2343776,53.4996174,2048479694461387520,16,0,0,1,0,0.25,0.25,0.5,1,2
-2.2345166,53.5247847,-3773791629716309504,66,0,0,0,1,0.25,0.25,0.5,1,2
-2.2311082,53.4528838,-3.393036391668e+18,293,1,0,0,0,0.25,0.25,0.5,1,2
-2.2314361,53.5131058,-3148912151996329472,175,1,0,0,0,0.25,0.25,0.5,1,2
-2.2296558,53.4627739,8584777176696582144,72,0,1,0,0,0.25,0.25,0.5,1,2
-2.2297578,53.4816495,251608725822341856,155,0,1,0,0,0.25,0.25,0.5,1,2
-2.2282655,53.4843489,-7183870318145586176,156,0,1,0,0,0.25,0.25,0.5,1,2
-2.2265907,53.4528924,8974881322742455296,144,0,1,0,0,0.25,0.25,0.5,1,2
-2.2268593,53.5032273,3207599136365742592,95,0,1,0,0,0.25,0.25,0.5,1,2
-2.198265,53.5140643,-1237331544708334848,85,0,0,0,1,0.25,0.25,0.5,1,2
-2.1966903,53.4996854,-1177335042096336128,44,1,0,0,0,0.25,0.25,0.5,1,2
-2.2209272,53.5221141,-4070040242915958272,137,0,0,1,0,0.25,0.25,0.5,1,2
-2.1905595,53.4772243,6667644952098978816,53,0,1,0,0,0.25,0.25,0.5,1,2
-2.2133044,53.5059488,-5035481196029500416,63,1,0,0,0,0.25,0.25,0.5,1,2
-2.2056264,53.4771993,3459243055341761024,68,0,1,0,0,0.25,0.25,0.5,1,2
-2.2012597,53.5095651,10021837293395686,113,0,1,0,0,0.25,0.25,0.5,1,2
-2.1998365,53.5275443,-2169279912817978624,55,0,1,0,0,0.25,0.25,0.5,1,2
-2.1891649,53.5023941,-7529587579603656704,66,1,0,0,0,0.25,0.25,0.5,1,2
